{
  "model_version": "20260218T192409Z",
  "accuracy": 0.85,
  "precision": 0.6956521739130435,
  "recall": 0.6666666666666666,
  "f1": 0.6808510638297872
}