{
  "model_version": "20260218T190826Z",
  "mae": 11560.357421875,
  "rmse": 15445.935646635331,
  "r2": 0.6974663734436035
}